	No Resample	Undersample	Oversample
TML	0.9228128223410631	0.845186181625767	0.9098516415670169
older	0.013153061117263892	0.02875147639633537	0.018636781753818124
Current Reformed Smoker	0.011427462635632985	0.020864000186650626	0.01104125136953806
younger	0.011363963237455876	0.02550835181801749	0.016857725742927446
Lifelong Non-Smoker	0.010800454477543957	0.019273477765122247	0.008166723535981685
Lung Squamous Cell Carcinoma	0.010499795678030993	0.024218630437080745	0.012206561198007651
Lung Adenocarcinoma	0.010061922364689838	0.01739519620214693	0.01445260265966373
Current Smoker	0.009880518148319455	0.01880268556887969	0.008786712173046397
