	No Resample	Undersample	Oversample
Stage	0.5434240499278568	0.5515320280248381	0.5692818423622873
Smoking Pack Years	0.38614842670351096	0.3265229113019446	0.35058985032234635
Smoking History	0.024784030870007374	0.04534138612263409	0.019798806563839665
Cancer Type	0.02434251088214747	0.04035915455883074	0.03635125497863442
Age	0.021300981616477612	0.036244519991752544	0.02397824577289236
