	No Resample	Undersample	Oversample
younger	0.17342660329641388	0.14668007666634347	0.17895259104159544
older	0.15637195556252445	0.1422411540502515	0.23324364156174673
Lifelong Non-Smoker	0.1520913106438276	0.18367289808996837	0.11918607966543987
Lung Adenocarcinoma	0.14010336121220796	0.13167522837939766	0.1347119754266442
Current Reformed Smoker	0.13184355788519042	0.14311768337910719	0.09780142765463172
Current Smoker	0.12726978976021505	0.13587851511950466	0.07630138937775402
Lung Squamous Cell Carcinoma	0.11889342163962065	0.11673444431542723	0.15980289527218794
