	No Resample	Undersample	Oversample
Stage	0.0	0.0	0.0
Cancer Type	0.020561718042720833	0.04161382663922768	0.02665916385767138
Age	0.024517024354719766	0.05425982821435286	0.03549450749674557
Smoking History	0.0321084352614964	0.05894016352065256	0.027994687078566144
TML	0.9228128223410631	0.845186181625767	0.9098516415670169
