	No Resample	Undersample	Oversample
Stage	0.0	0.0	0.0
Age	0.03510633769198171	0.055902551637974314	0.0359525786487882
Sex	0.042498258982390714	0.05679792526760931	0.051654957169121885
Smoking History	0.08219131944073024	0.11186791048008944	0.10382852311454854
Smoking Pack Years	0.8402040838848974	0.7754316126143269	0.8085639410675413
