	No Resample	Undersample	Oversample
Smoking Pack Years	0.8979999805932534	0.8398948491860735	0.8977818681925931
Smoking History	0.03849471088036432	0.047804186550688126	0.029095312808712605
Age	0.0343437250792066	0.05109580937981334	0.0434007761237832
Cancer Type	0.029161583447175843	0.06120515488342519	0.029722042874911113
Stage	0.0	0.0	0.0
