	No Resample	Undersample	Oversample
Stage	0.0	0.0	0.0
Age	0.026680265878062014	0.0424174278474492	0.029518287673004726
Sex	0.03241630760557061	0.046318890506434965	0.041842153145836475
Smoking History	0.0722164312739699	0.09712821264905895	0.08413766637270716
Smoking Pack Years	0.4054790281410637	0.38137108022090777	0.41250012761301535
TML	0.4632079671013339	0.43276438877614914	0.43200176519543626
