	No Resample	Undersample	Oversample
SMOKING_PACK_YEARS	0.8979999805932534	0.8398948491860735	0.8977818681925931
younger	0.01763173990457335	0.027822584834126834	0.023070030841073532
older	0.016711985174633247	0.0232732245456865	0.02033074528270967
Current Reformed Smoker	0.015312888465501896	0.023304685056498606	0.010524532466488006
Lung Adenocarcinoma	0.01463240220298041	0.02919614779998919	0.013656240114654798
Lung Squamous Cell Carcinoma	0.014529181244195433	0.032009007083436	0.016065802760256313
Current Smoker	0.014079278388806031	0.018530705272521226	0.01040681817057902
Lifelong Non-Smoker	0.009102544026056389	0.005968796221668294	0.00816396217164558
