	No Resample	Undersample	Oversample
Stage	0.4795101452393944	0.5110594259565212	0.5303416154716942
TML	0.23864801154657575	0.1750230265257067	0.1923024555712371
Smoking Pack Years	0.20915282098150276	0.20033180305737758	0.2082736593501451
Cancer Type	0.026128165385634693	0.04209809397030674	0.028506016270337366
Age	0.023831358924268724	0.028599684945519673	0.020970050496431664
Smoking History	0.02272949792262366	0.042887965544568085	0.019606202840154498
