	No Resample	Undersample	Oversample
Age	0.028158335803813744	0.038482226351220665	0.030201003770344972
Sex	0.029351946088742656	0.04169238202609114	0.032500659969807257
Smoking History	0.054113083836119256	0.05427582712868001	0.05569999809965393
Smoking Pack Years	0.1687063617419549	0.15846982121589337	0.1429706640218148
TML	0.1976575312676617	0.15737993417072382	0.1575329025434099
Stage	0.5220127412617079	0.549699809107391	0.5810947715949693
