	No Resample	Undersample	Oversample
Cancer Type	0.038237775335419985	0.06795360667924291	0.033864138924145484
Age	0.040213308668427455	0.06032671317769166	0.05113309784317377
Smoking History	0.05763976416049933	0.09626842852230015	0.07256607393678101
Stage	0.8639091518356533	0.7754512516207653	0.8424366892959
