	No Resample	Undersample	Oversample
TML	0.4774271048975722	0.45498440482340125	0.47199821738285835
Smoking Pack Years	0.4262489351619649	0.3917691864846989	0.4258302109889368
Smoking History	0.04279770023398289	0.05676282980939289	0.039646863431443205
Age	0.030079043865916998	0.04476342117358314	0.03618795887542188
Cancer Type	0.02344721584056311	0.05172015770892391	0.026336749321339746
Stage	0.0	0.0	0.0
