	No Resample	Undersample	Oversample
Cancer Type	0.02716806717680495	0.03690318392421761	0.031192319519008055
Age	0.028557835712248757	0.04735712267762407	0.038131958877043556
Smoking History	0.0288062283676945	0.04290638873940505	0.030288783013993084
TML	0.35600295470592136	0.23552035726148884	0.2963495276752945
Stage	0.5594649140373305	0.6373129473972643	0.6040374109146608
